{"epoch": 765, "Train Loss": 0.3364492445784503, "Train Acc": 48.999351501464844, "Val Loss": 0.2957620418417737, "Val Acc": 48.80210876464844, "_runtime": 17042, "_timestamp": 1624121079, "_step": 383}