{"epoch": 0, "Train Loss": 0.18796999568159595, "Train Acc": 16.170869827270508, "Val Loss": 0.18238205083459455, "Val Acc": 15.764476776123047, "_runtime": 27, "_timestamp": 1624031173, "_step": 1}