{"epoch": 907, "Train Loss": 0.3385575111353882, "Train Acc": 48.889198303222656, "Val Loss": 0.2833640706004442, "Val Acc": 49.24274444580078, "_runtime": 34121, "_timestamp": 1624188090, "_step": 454}