{"epoch": 900, "Train Loss": 0.3233961078837728, "Train Acc": 49.11545944213867, "Val Loss": 0.3019260365730225, "Val Acc": 48.337730407714844, "_runtime": 33487, "_timestamp": 1624096718, "_step": 451}