{"epoch": 232, "Train Loss": 0.40598314590892437, "Train Acc": 48.88919448852539, "Val Loss": 0.4132627804235292, "Val Acc": 49.24274444580078, "_runtime": 5142, "_timestamp": 1624193236, "_step": 116}