{"epoch": 576, "Train Loss": 0.4018295277718887, "Train Acc": 48.99937438964844, "Val Loss": 0.4879155672823219, "Val Acc": 48.80210876464844, "_runtime": 12806, "_timestamp": 1624193233, "_step": 288}