{"epoch": 159, "Train Loss": 0.3323991138782021, "Train Acc": 49.115482330322266, "Val Loss": 0.35253881977856316, "Val Acc": 48.337730407714844, "_runtime": 5944, "_timestamp": 1624161368, "_step": 80}