{"epoch": 869, "Train Loss": 0.329525334222607, "Train Acc": 49.115455627441406, "Val Loss": 0.31621315440276054, "Val Acc": 48.337730407714844, "_runtime": 19008, "_timestamp": 1624121505, "_step": 435}