{"epoch": 8, "Train Loss": 0.029976140890719743, "Train Acc": 16.091611862182617, "Val Loss": 0.021848656700827494, "Val Acc": 16.091737747192383, "_runtime": 212, "_timestamp": 1624033351, "_step": 4}