{"epoch": 590, "Train Loss": 0.047273446902467986, "Train Acc": 49.11546325683594, "Val Loss": 0.04615779346872446, "Val Acc": 48.337730407714844, "_runtime": 21832, "_timestamp": 1624055443, "_step": 296}