{"epoch": 316, "Train Loss": 0.26459973502642403, "Train Acc": 49.11550521850586, "Val Loss": 0.354394232767553, "Val Acc": 48.337730407714844, "_runtime": 6919, "_timestamp": 1624193246, "_step": 158}