{"epoch": 10854, "Train Loss": 0.4891722350116424, "Train Acc": 0.5003204941749573, "Val Loss": 0.49393139841688655, "Val Acc": 0.493931382894516, "_runtime": 427350, "_timestamp": 1624723541, "_step": 5427}