{"epoch": 14, "Train Loss": 0.16523455204328433, "Train Acc": 16.153676986694336, "Val Loss": 0.17299943600060805, "Val Acc": 15.840165138244629, "_runtime": 206, "_timestamp": 1624033347, "_step": 7}