{"epoch": 23, "Train Loss": 0.24584989023526613, "Train Acc": 48.999427795410156, "Val Loss": 0.21308103249381274, "Val Acc": 48.80210876464844, "_runtime": 538, "_timestamp": 1624169722, "_step": 12}