{"epoch": 3754, "Train Loss": 0.5049893845999213, "Train Acc": 0.49792686104774475, "Val Loss": 0.5077308707124011, "Val Acc": 0.5077308416366577, "_runtime": 98883, "_timestamp": 1624624767, "_step": 1877}