{"epoch": 206, "Train Loss": 0.050716218467940624, "Train Acc": 48.99931716918945, "Val Loss": 0.05118543334246311, "Val Acc": 48.80210876464844, "_runtime": 7852, "_timestamp": 1624094298, "_step": 104}