{"epoch": 79, "Train Loss": 0.05863575278666936, "Train Acc": 16.153757095336914, "Val Loss": 0.05063628303955548, "Val Acc": 15.840165138244629, "_runtime": 1843, "_timestamp": 1624033138, "_step": 40}