{"epoch": 547, "Train Loss": 0.34706697183361745, "Train Acc": 48.88921356201172, "Val Loss": 0.33009429906477716, "Val Acc": 49.24274444580078, "_runtime": 20624, "_timestamp": 1624104770, "_step": 274}