{"epoch": 932, "Train Loss": 0.03862885134837257, "Train Acc": 48.889225006103516, "Val Loss": 0.038417239179711855, "Val Acc": 49.24274444580078, "_runtime": 20573, "_timestamp": 1624084143, "_step": 467}