{"epoch": 894, "Train Loss": 2.0571947995870427e-08, "Train Acc": 49.115447998046875, "Val Loss": 0.00018492218499802438, "Val Acc": 48.337730407714844, "_runtime": 19550, "_timestamp": 1624141059, "_step": 448}