{"epoch": 9999, "Train Loss": 0.4895877995527734, "Train Acc": 0.5007209181785583, "Val Loss": 0.49226912928759897, "Val Acc": 0.4922691285610199, "_runtime": 229670, "_timestamp": 1624525880, "_step": 5000}