{"epoch": 204, "Train Loss": 0.05011237355314554, "Train Acc": 49.115421295166016, "Val Loss": 0.047912064309583335, "Val Acc": 48.337730407714844, "_runtime": 4482, "_timestamp": 1624186323, "_step": 103}