{"epoch": 355, "Train Loss": 0.2667417549269029, "Train Acc": 49.115447998046875, "Val Loss": 0.25843492289017245, "Val Acc": 48.337730407714844, "_runtime": 7780, "_timestamp": 1624063227, "_step": 178}