{"epoch": 199, "Train Loss": 0.05156439282454235, "Train Acc": 48.99935531616211, "Val Loss": 0.050902629159685804, "Val Acc": 48.80210876464844, "_runtime": 4441, "_timestamp": 1624125523, "_step": 100}