{"epoch": 808, "Train Loss": 0.03254038026036598, "Train Acc": 48.99936294555664, "Val Loss": 0.033498758981362585, "Val Acc": 48.80210876464844, "_runtime": 30628, "_timestamp": 1624086442, "_step": 405}