{"epoch": 66, "Train Loss": 0.09939700922696541, "Train Acc": 49.115509033203125, "Val Loss": 0.08702301735613781, "Val Acc": 48.337730407714844, "_runtime": 1473, "_timestamp": 1624101108, "_step": 34}