{"epoch": 757, "Train Loss": 0.04260124443318688, "Train Acc": 48.88918685913086, "Val Loss": 0.04314207892619211, "Val Acc": 49.24274444580078, "_runtime": 16688, "_timestamp": 1624153966, "_step": 379}