{"epoch": 80, "Train Loss": 0.03193396641937664, "Train Acc": 16.090682983398438, "Val Loss": 0.03302246799336626, "Val Acc": 16.091737747192383, "_runtime": 1881, "_timestamp": 1624033135, "_step": 41}