{"epoch": 936, "Train Loss": 0.34230633267497584, "Train Acc": 49.115474700927734, "Val Loss": 0.32276120837571437, "Val Acc": 48.337730407714844, "_runtime": 20468, "_timestamp": 1624181838, "_step": 469}