{"epoch": 22, "Train Loss": 0.1486823395470145, "Train Acc": 16.050233840942383, "Val Loss": 0.14595076127260168, "Val Acc": 16.256126403808594, "_runtime": 531, "_timestamp": 1624031859, "_step": 11}