{"epoch": 436, "Train Loss": 0.3591476002623092, "Train Acc": 48.999351501464844, "Val Loss": 0.3612147645774177, "Val Acc": 48.80210876464844, "_runtime": 9731, "_timestamp": 1624104033, "_step": 219}