{"epoch": 65, "Train Loss": 0.1851752193006126, "Train Acc": 48.88920211791992, "Val Loss": 0.17025912813272198, "Val Acc": 49.24274444580078, "_runtime": 2487, "_timestamp": 1624036055, "_step": 33}