{"epoch": 732, "Train Loss": 0.04274816716951407, "Train Acc": 48.889198303222656, "Val Loss": 0.043367064244514406, "Val Acc": 49.24274444580078, "_runtime": 27507, "_timestamp": 1624063566, "_step": 367}