{"epoch": 0, "Train Loss": 0.5852440040750775, "Train Acc": 16.170869827270508, "Val Loss": 0.14169868695919488, "Val Acc": 15.764476776123047, "_runtime": 31, "_timestamp": 1624031142, "_step": 1}