{"epoch": 132, "Train Loss": 0.05293063779146256, "Train Acc": 49.11550521850586, "Val Loss": 0.050350967839379895, "Val Acc": 48.337730407714844, "_runtime": 2909, "_timestamp": 1624099631, "_step": 67}