{"epoch": 384, "Train Loss": 6.924845722449161e-11, "Train Acc": 49.115440368652344, "Val Loss": 0.0003015556224244901, "Val Acc": 48.337730407714844, "_runtime": 14358, "_timestamp": 1624155421, "_step": 193}