{"epoch": 589, "Train Loss": 0.04461921371607406, "Train Acc": 48.999359130859375, "Val Loss": 0.0449021533737082, "Val Acc": 48.80210876464844, "_runtime": 22265, "_timestamp": 1624055810, "_step": 295}