{"epoch": 594, "Train Loss": 0.30521105390119646, "Train Acc": 48.99935531616211, "Val Loss": 0.24862902548193616, "Val Acc": 48.80210876464844, "_runtime": 13186, "_timestamp": 1624169180, "_step": 298}