{"epoch": 807, "Train Loss": 0.3284663782776436, "Train Acc": 48.99934387207031, "Val Loss": 0.33968720745599995, "Val Acc": 48.80210876464844, "_runtime": 30463, "_timestamp": 1624155990, "_step": 404}