{"epoch": 8532, "Train Loss": 0.489642426311518, "Train Acc": 0.4981900155544281, "Val Loss": 0.4894986807387863, "Val Acc": 0.48949867486953735, "_runtime": 191194, "_timestamp": 1624487320, "_step": 4266}