{"epoch": 0, "Train Loss": 0.000733947230250132, "Train Acc": 16.06894302368164, "Val Loss": 0.0004595243955134854, "Val Acc": 16.176101684570312, "_runtime": 21, "_timestamp": 1624031018, "_step": 1}