{"epoch": 896, "Train Loss": 0.01922792452859294, "Train Acc": 48.88919448852539, "Val Loss": 0.02006963757873638, "Val Acc": 49.24274444580078, "_runtime": 19767, "_timestamp": 1624124541, "_step": 449}