{"epoch": 36, "Train Loss": 0.13973840322006412, "Train Acc": 49.11547088623047, "Val Loss": 0.12012078871513104, "Val Acc": 48.337730407714844, "_runtime": 1381, "_timestamp": 1624102492, "_step": 19}