{"epoch": 481, "Train Loss": 0.03353369267239428, "Train Acc": 48.99934387207031, "Val Loss": 0.03358312359171868, "Val Acc": 48.80210876464844, "_runtime": 10697, "_timestamp": 1624180423, "_step": 241}