{"epoch": 338, "Train Loss": 0.05081439981337054, "Train Acc": 48.88916015625, "Val Loss": 0.049141280360048084, "Val Acc": 49.24274444580078, "_runtime": 12730, "_timestamp": 1624137275, "_step": 170}